datetime,kloten_temp,debilt_temp
2026-07-01 00:00:00,18.0,
2026-07-01 01:00:00,17.7,11.4
2026-07-01 02:00:00,17.5,10.9
2026-07-01 03:00:00,18.1,10.3
2026-07-01 04:00:00,18.4,10.3
2026-07-01 05:00:00,17.6,13.6
2026-07-01 06:00:00,18.2,17.4
2026-07-01 07:00:00,19.3,18.9
2026-07-01 08:00:00,19.8,19.8
2026-07-01 09:00:00,20.0,20.7
2026-07-01 10:00:00,18.5,22.1
2026-07-01 11:00:00,18.0,23.0
2026-07-01 12:00:00,18.7,24.2
2026-07-01 13:00:00,19.9,24.5
2026-07-01 14:00:00,21.0,24.4
2026-07-01 15:00:00,22.2,24.8
2026-07-01 16:00:00,23.1,24.1
2026-07-01 17:00:00,23.4,23.8
2026-07-01 18:00:00,22.4,22.9
2026-07-01 19:00:00,22.0,21.6
2026-07-01 20:00:00,20.6,18.9
2026-07-01 21:00:00,19.0,15.7
2026-07-01 22:00:00,18.2,17.3
2026-07-01 23:00:00,15.8,16.4
2026-07-02 00:00:00,15.0,14.9
2026-07-02 01:00:00,14.2,15.7
2026-07-02 02:00:00,13.7,15.2
2026-07-02 03:00:00,13.2,16.8
2026-07-02 04:00:00,12.6,16.7
2026-07-02 05:00:00,13.8,17.3
2026-07-02 06:00:00,15.6,18.0
2026-07-02 07:00:00,17.8,19.2
2026-07-02 08:00:00,19.8,19.3
2026-07-02 09:00:00,21.5,17.5
2026-07-02 10:00:00,22.9,17.6
2026-07-02 11:00:00,24.8,18.1
2026-07-02 12:00:00,25.5,19.1
2026-07-02 13:00:00,25.7,18.9
2026-07-02 14:00:00,26.8,20.5
2026-07-02 15:00:00,26.9,20.6
2026-07-02 16:00:00,26.9,20.1
2026-07-02 17:00:00,26.7,19.1
2026-07-02 18:00:00,26.2,19.4
2026-07-02 19:00:00,24.3,18.6
2026-07-02 20:00:00,22.3,16.7
2026-07-02 21:00:00,21.1,13.0
2026-07-02 22:00:00,21.0,11.6
2026-07-02 23:00:00,20.7,11.6
2026-07-03 00:00:00,20.2,12.5
2026-07-03 01:00:00,19.9,11.6
2026-07-03 02:00:00,19.6,10.1
2026-07-03 03:00:00,19.6,11.0
2026-07-03 04:00:00,19.8,12.9
2026-07-03 05:00:00,19.6,15.4
2026-07-03 06:00:00,19.9,17.3
2026-07-03 07:00:00,20.1,18.6
2026-07-03 08:00:00,21.1,18.3
2026-07-03 09:00:00,21.7,19.5
2026-07-03 10:00:00,23.0,19.6
2026-07-03 11:00:00,24.3,20.5
2026-07-03 12:00:00,24.8,20.5
2026-07-03 13:00:00,25.6,21.1
2026-07-03 14:00:00,25.6,20.1
2026-07-03 15:00:00,26.4,19.7
2026-07-03 16:00:00,26.3,19.7
2026-07-03 17:00:00,26.0,18.6
2026-07-03 18:00:00,25.5,18.1
2026-07-03 19:00:00,24.8,17.5
2026-07-03 20:00:00,22.8,15.8
2026-07-03 21:00:00,19.5,12.8
2026-07-03 22:00:00,17.3,11.6
2026-07-03 23:00:00,16.9,11.4
2026-07-04 00:00:00,16.1,11.9
2026-07-04 01:00:00,15.4,14.7
2026-07-04 02:00:00,14.3,15.4
2026-07-04 03:00:00,13.3,15.6
2026-07-04 04:00:00,12.9,16.0
2026-07-04 05:00:00,13.7,16.6
2026-07-04 06:00:00,16.4,17.5
2026-07-04 07:00:00,18.6,19.7
2026-07-04 08:00:00,20.7,21.8
2026-07-04 09:00:00,22.6,22.8
2026-07-04 10:00:00,23.7,23.2
2026-07-04 11:00:00,24.6,22.6
2026-07-04 12:00:00,25.6,22.6
2026-07-04 13:00:00,26.5,22.6
2026-07-04 14:00:00,27.4,22.1
2026-07-04 15:00:00,27.7,22.4
2026-07-04 16:00:00,27.9,22.8
2026-07-04 17:00:00,27.6,21.9
2026-07-04 18:00:00,26.8,21.2
2026-07-04 19:00:00,24.6,20.5
2026-07-04 20:00:00,21.9,20.2
2026-07-04 21:00:00,20.1,19.7
2026-07-04 22:00:00,18.7,19.5
2026-07-04 23:00:00,16.6,19.2
2026-07-05 00:00:00,15.5,18.8
2026-07-05 01:00:00,14.9,18.9
2026-07-05 02:00:00,14.4,18.7
2026-07-05 03:00:00,14.2,18.0
2026-07-05 04:00:00,14.1,18.5
2026-07-05 05:00:00,15.0,18.5
2026-07-05 06:00:00,18.0,19.3
2026-07-05 07:00:00,20.7,19.3
2026-07-05 08:00:00,22.8,19.9
2026-07-05 09:00:00,24.4,20.2
2026-07-05 10:00:00,25.1,20.0
2026-07-05 11:00:00,27.0,20.3
2026-07-05 12:00:00,28.3,21.1
2026-07-05 13:00:00,28.6,20.6
2026-07-05 14:00:00,28.6,20.3
2026-07-05 15:00:00,27.7,19.8
2026-07-05 16:00:00,26.7,19.7
2026-07-05 17:00:00,26.1,19.5
2026-07-05 18:00:00,25.9,19.3
2026-07-05 19:00:00,24.8,18.9
2026-07-05 20:00:00,22.1,17.9
2026-07-05 21:00:00,20.7,17.4
2026-07-05 22:00:00,21.0,17.2
2026-07-05 23:00:00,19.0,16.5
2026-07-06 00:00:00,17.5,17.0
2026-07-06 01:00:00,16.6,16.9
2026-07-06 02:00:00,16.4,17.6
2026-07-06 03:00:00,15.6,17.9
2026-07-06 04:00:00,14.7,18.2
2026-07-06 05:00:00,15.1,18.6
2026-07-06 06:00:00,18.1,19.1
2026-07-06 07:00:00,20.3,20.4
2026-07-06 08:00:00,22.1,21.5
2026-07-06 09:00:00,23.8,23.2
2026-07-06 10:00:00,24.9,24.2
2026-07-06 11:00:00,25.7,24.6
2026-07-06 12:00:00,26.7,25.2
2026-07-06 13:00:00,27.7,25.3
2026-07-06 14:00:00,28.6,25.5
2026-07-06 15:00:00,28.7,26.5
2026-07-06 16:00:00,28.1,26.8
2026-07-06 17:00:00,27.9,26.8
2026-07-06 18:00:00,26.9,26.7
2026-07-06 19:00:00,25.2,24.8
2026-07-06 20:00:00,22.4,23.8
2026-07-06 21:00:00,19.7,22.4
2026-07-06 22:00:00,18.7,21.2
2026-07-06 23:00:00,18.3,19.4
2026-07-07 00:00:00,17.7,16.4
2026-07-07 01:00:00,16.5,17.3
2026-07-07 02:00:00,15.6,18.8
2026-07-07 03:00:00,15.2,17.7
2026-07-07 04:00:00,14.5,18.2
2026-07-07 05:00:00,16.0,19.5
2026-07-07 06:00:00,18.9,20.0
2026-07-07 07:00:00,21.5,21.5
2026-07-07 08:00:00,24.4,23.0
2026-07-07 09:00:00,26.3,24.0
2026-07-07 10:00:00,28.1,24.4
2026-07-07 11:00:00,29.5,23.9
2026-07-07 12:00:00,30.5,23.2
2026-07-07 13:00:00,31.2,23.0
2026-07-07 14:00:00,31.8,23.6
2026-07-07 15:00:00,31.5,22.2
2026-07-07 16:00:00,31.1,21.7
2026-07-07 17:00:00,30.8,21.3
2026-07-07 18:00:00,29.0,20.7
2026-07-07 19:00:00,26.8,20.6
2026-07-07 20:00:00,24.3,19.5
2026-07-07 21:00:00,24.1,18.6
2026-07-07 22:00:00,23.0,18.6
2026-07-07 23:00:00,20.2,18.4
2026-07-08 00:00:00,18.8,18.4
2026-07-08 01:00:00,18.3,18.2
2026-07-08 02:00:00,16.5,18.2
2026-07-08 03:00:00,15.6,18.1
2026-07-08 04:00:00,15.3,18.1
2026-07-08 05:00:00,15.2,18.2
2026-07-08 06:00:00,18.6,18.5
2026-07-08 07:00:00,21.1,18.5
2026-07-08 08:00:00,23.3,18.7
2026-07-08 09:00:00,24.5,19.0
2026-07-08 10:00:00,24.8,19.2
2026-07-08 11:00:00,26.2,19.4
2026-07-08 12:00:00,28.0,20.4
2026-07-08 13:00:00,27.9,20.3
2026-07-08 14:00:00,27.4,20.3
2026-07-08 15:00:00,26.4,20.2
2026-07-08 16:00:00,26.6,20.4
2026-07-08 17:00:00,27.5,20.2
2026-07-08 18:00:00,26.7,21.2
2026-07-08 19:00:00,25.7,20.8
2026-07-08 20:00:00,23.9,17.3
2026-07-08 21:00:00,20.9,15.5
2026-07-08 22:00:00,18.9,14.5
2026-07-08 23:00:00,18.2,13.6
2026-07-09 00:00:00,16.7,12.9
2026-07-09 01:00:00,16.5,12.5
2026-07-09 02:00:00,15.8,12.1
2026-07-09 03:00:00,15.4,11.7
2026-07-09 04:00:00,14.4,11.7
2026-07-09 05:00:00,15.8,15.0
2026-07-09 06:00:00,18.6,17.9
2026-07-09 07:00:00,20.4,19.5
2026-07-09 08:00:00,22.3,19.6
2026-07-09 09:00:00,23.9,20.8
2026-07-09 10:00:00,25.4,21.2
2026-07-09 11:00:00,26.5,22.3
2026-07-09 12:00:00,27.3,23.7
2026-07-09 13:00:00,28.3,24.2
2026-07-09 14:00:00,28.8,25.0
2026-07-09 15:00:00,29.4,25.1
2026-07-09 16:00:00,29.6,25.0
2026-07-09 17:00:00,29.5,24.1
2026-07-09 18:00:00,28.8,23.3
2026-07-09 19:00:00,27.4,21.8
2026-07-09 20:00:00,25.7,20.5
2026-07-09 21:00:00,22.8,19.1
2026-07-09 22:00:00,22.9,16.7
2026-07-09 23:00:00,21.8,15.3
2026-07-10 00:00:00,19.4,15.5
2026-07-10 01:00:00,19.0,15.2
2026-07-10 02:00:00,18.9,14.1
2026-07-10 03:00:00,18.6,12.7
2026-07-10 04:00:00,18.4,12.5
2026-07-10 05:00:00,18.5,15.5
2026-07-10 06:00:00,19.9,17.7
2026-07-10 07:00:00,21.1,19.6
2026-07-10 08:00:00,22.5,20.6
2026-07-10 09:00:00,24.6,22.2
2026-07-10 10:00:00,26.7,23.6
2026-07-10 11:00:00,28.1,25.0
2026-07-10 12:00:00,29.4,25.5
2026-07-10 13:00:00,30.3,26.9
2026-07-10 14:00:00,31.1,26.7
2026-07-10 15:00:00,31.4,26.8
2026-07-10 16:00:00,31.7,26.5
2026-07-10 17:00:00,31.3,26.1
2026-07-10 18:00:00,30.8,25.4
2026-07-10 19:00:00,29.2,24.1
2026-07-10 20:00:00,26.6,22.7
2026-07-10 21:00:00,24.1,21.4
2026-07-10 22:00:00,22.5,20.3
2026-07-10 23:00:00,20.3,18.9
2026-07-11 00:00:00,20.4,18.3
2026-07-11 01:00:00,19.3,17.4
2026-07-11 02:00:00,18.8,17.1
2026-07-11 03:00:00,17.8,16.8
2026-07-11 04:00:00,18.0,16.7
2026-07-11 05:00:00,17.9,17.0
2026-07-11 06:00:00,20.9,16.9
2026-07-11 07:00:00,22.5,17.4
2026-07-11 08:00:00,24.2,18.1
2026-07-11 09:00:00,25.7,19.7
2026-07-11 10:00:00,27.6,21.7
2026-07-11 11:00:00,29.1,22.7
2026-07-11 12:00:00,30.4,23.9
2026-07-11 13:00:00,31.2,25.5
2026-07-11 14:00:00,31.9,26.4
2026-07-11 15:00:00,32.1,26.7
2026-07-11 16:00:00,31.8,26.2
2026-07-11 17:00:00,31.3,26.1
2026-07-11 18:00:00,30.4,25.6
2026-07-11 19:00:00,28.8,24.6
2026-07-11 20:00:00,27.0,23.1
2026-07-11 21:00:00,25.2,22.0
2026-07-11 22:00:00,22.4,20.7
2026-07-11 23:00:00,20.1,19.6
2026-07-12 00:00:00,19.2,18.5
2026-07-12 01:00:00,19.0,17.6
2026-07-12 02:00:00,19.9,17.0
2026-07-12 03:00:00,20.2,16.6
2026-07-12 04:00:00,18.2,16.2
2026-07-12 05:00:00,17.0,16.8
2026-07-12 06:00:00,19.7,18.2
2026-07-12 07:00:00,21.4,20.2
2026-07-12 08:00:00,22.7,21.6
2026-07-12 09:00:00,24.3,23.2
2026-07-12 10:00:00,26.2,24.7
2026-07-12 11:00:00,27.7,26.5
2026-07-12 12:00:00,28.8,26.4
2026-07-12 13:00:00,29.8,26.3
2026-07-12 14:00:00,30.4,25.2
2026-07-12 15:00:00,30.4,25.0
2026-07-12 16:00:00,30.4,25.3
2026-07-12 17:00:00,29.9,24.9
2026-07-12 18:00:00,29.2,23.5
2026-07-12 19:00:00,27.5,21.5
2026-07-12 20:00:00,26.1,19.7
2026-07-12 21:00:00,24.4,18.3
2026-07-12 22:00:00,24.2,17.0
2026-07-12 23:00:00,23.5,16.0
2026-07-13 00:00:00,22.4,15.4
2026-07-13 01:00:00,18.1,14.8
2026-07-13 02:00:00,16.5,14.0
2026-07-13 03:00:00,16.3,13.1
2026-07-13 04:00:00,15.4,14.1
2026-07-13 05:00:00,16.5,15.4
2026-07-13 06:00:00,19.8,17.4
2026-07-13 07:00:00,21.8,19.0
2026-07-13 08:00:00,23.4,20.2
2026-07-13 09:00:00,25.0,21.5
2026-07-13 10:00:00,26.8,22.3
2026-07-13 11:00:00,28.3,23.5
2026-07-13 12:00:00,29.8,24.5
2026-07-13 13:00:00,30.1,24.9
2026-07-13 14:00:00,30.2,25.4
2026-07-13 15:00:00,30.8,25.9
2026-07-13 16:00:00,30.9,25.7
2026-07-13 17:00:00,30.5,25.4
2026-07-13 18:00:00,30.0,24.8
2026-07-13 19:00:00,28.3,23.5
2026-07-13 20:00:00,26.3,22.1
2026-07-13 21:00:00,23.5,21.2
2026-07-13 22:00:00,21.7,20.4
2026-07-13 23:00:00,21.0,19.7
2026-07-14 00:00:00,20.3,19.1
2026-07-14 01:00:00,19.3,18.4
2026-07-14 02:00:00,19.1,17.9
2026-07-14 03:00:00,19.1,17.7
2026-07-14 04:00:00,18.8,17.8
2026-07-14 05:00:00,18.9,18.7
2026-07-14 06:00:00,20.2,19.8
2026-07-14 07:00:00,21.2,20.9
2026-07-14 08:00:00,22.3,22.7
2026-07-14 09:00:00,23.4,24.7
2026-07-14 10:00:00,26.0,26.2
2026-07-14 11:00:00,28.1,27.5
2026-07-14 12:00:00,29.3,28.5
2026-07-14 13:00:00,30.0,29.1
2026-07-14 14:00:00,31.6,28.8
2026-07-14 15:00:00,32.4,28.5
2026-07-14 16:00:00,30.9,28.6
2026-07-14 17:00:00,28.5,28.1
2026-07-14 18:00:00,27.0,27.1
2026-07-14 19:00:00,24.3,25.7
2026-07-14 20:00:00,23.8,23.7
2026-07-14 21:00:00,22.8,22.3
2026-07-14 22:00:00,22.5,21.1
2026-07-14 23:00:00,21.5,20.3
2026-07-15 00:00:00,21.0,19.6
2026-07-15 01:00:00,20.4,18.9
2026-07-15 02:00:00,19.1,18.5
2026-07-15 03:00:00,18.2,18.2
2026-07-15 04:00:00,17.1,17.6
2026-07-15 05:00:00,18.1,18.3
2026-07-15 06:00:00,19.8,19.7
2026-07-15 07:00:00,21.9,21.6
2026-07-15 08:00:00,23.9,23.4
2026-07-15 09:00:00,25.3,24.5
2026-07-15 10:00:00,26.5,26.1
2026-07-15 11:00:00,27.9,26.6
2026-07-15 12:00:00,28.5,27.3
2026-07-15 13:00:00,27.2,27.2
2026-07-15 14:00:00,27.8,27.7
2026-07-15 15:00:00,27.4,28.3
2026-07-15 16:00:00,26.6,28.0
2026-07-15 17:00:00,22.0,27.3
2026-07-15 18:00:00,20.9,26.4
2026-07-15 19:00:00,20.8,25.4
2026-07-15 20:00:00,19.6,23.4
2026-07-15 21:00:00,18.9,21.8
2026-07-15 22:00:00,18.6,20.6
2026-07-15 23:00:00,18.5,20.0
2026-07-16 00:00:00,18.3,19.6
2026-07-16 01:00:00,18.0,19.3
2026-07-16 02:00:00,18.1,18.7
2026-07-16 03:00:00,17.6,18.0
2026-07-16 04:00:00,16.9,17.0
2026-07-16 05:00:00,16.7,18.0
2026-07-16 06:00:00,18.1,19.7
2026-07-16 07:00:00,20.5,19.7
2026-07-16 08:00:00,22.9,20.6
2026-07-16 09:00:00,24.9,20.5
2026-07-16 10:00:00,26.4,21.8
2026-07-16 11:00:00,27.8,22.6
2026-07-16 12:00:00,29.0,24.9
2026-07-16 13:00:00,30.1,25.9
2026-07-16 14:00:00,30.7,26.5
2026-07-16 15:00:00,30.6,25.2
2026-07-16 16:00:00,30.1,24.1
2026-07-16 17:00:00,28.6,23.8
2026-07-16 18:00:00,27.2,23.3
2026-07-16 19:00:00,21.3,22.4
2026-07-16 20:00:00,21.0,20.7
2026-07-16 21:00:00,20.7,19.1
2026-07-16 22:00:00,20.7,17.9
2026-07-16 23:00:00,19.6,15.2
2026-07-17 00:00:00,19.9,14.9
2026-07-17 01:00:00,18.5,15.2
2026-07-17 02:00:00,18.2,16.4
2026-07-17 03:00:00,17.1,16.2
2026-07-17 04:00:00,17.8,16.5
2026-07-17 05:00:00,18.6,17.1
2026-07-17 06:00:00,19.5,17.9
2026-07-17 07:00:00,21.2,19.3
2026-07-17 08:00:00,22.1,19.4
2026-07-17 09:00:00,23.4,20.0
2026-07-17 10:00:00,24.5,21.5
2026-07-17 11:00:00,26.4,23.2
2026-07-17 12:00:00,27.6,22.3
2026-07-17 13:00:00,28.6,23.6
2026-07-17 14:00:00,26.6,23.3
2026-07-17 15:00:00,27.5,23.5
2026-07-17 16:00:00,27.3,22.6
2026-07-17 17:00:00,27.0,22.2
2026-07-17 18:00:00,25.7,21.3
2026-07-17 19:00:00,25.2,20.3
2026-07-17 20:00:00,23.2,19.1
2026-07-17 21:00:00,21.6,18.0
2026-07-17 22:00:00,21.5,17.2
2026-07-17 23:00:00,19.4,15.9
2026-07-18 00:00:00,17.7,16.0
2026-07-18 01:00:00,17.3,16.5
2026-07-18 02:00:00,17.7,17.6
2026-07-18 03:00:00,17.1,17.4
2026-07-18 04:00:00,16.6,17.1
2026-07-18 05:00:00,16.6,17.4
2026-07-18 06:00:00,19.6,17.9
2026-07-18 07:00:00,21.3,18.6
2026-07-18 08:00:00,23.0,18.7
2026-07-18 09:00:00,25.1,19.1
2026-07-18 10:00:00,25.6,19.1
2026-07-18 11:00:00,26.1,18.9
2026-07-18 12:00:00,27.4,19.5
2026-07-18 13:00:00,26.9,19.9
2026-07-18 14:00:00,27.0,19.6
2026-07-18 15:00:00,26.5,17.7
2026-07-18 16:00:00,25.7,16.6
2026-07-18 17:00:00,22.4,17.8
2026-07-18 18:00:00,19.0,17.6
2026-07-18 19:00:00,18.1,17.0
2026-07-18 20:00:00,17.6,16.2
2026-07-18 21:00:00,17.1,15.5
2026-07-18 22:00:00,17.1,14.5
2026-07-18 23:00:00,16.9,15.1
2026-07-19 00:00:00,17.1,13.2
2026-07-19 01:00:00,17.3,13.8
2026-07-19 02:00:00,17.3,13.9
2026-07-19 03:00:00,16.6,14.1
2026-07-19 04:00:00,15.6,12.7
2026-07-19 05:00:00,15.6,14.7
2026-07-19 06:00:00,17.3,16.3
2026-07-19 07:00:00,18.0,17.1
2026-07-19 08:00:00,17.8,17.3
2026-07-19 09:00:00,17.6,17.5
2026-07-19 10:00:00,19.7,18.9
2026-07-19 11:00:00,21.1,18.4
2026-07-19 12:00:00,22.4,19.5
2026-07-19 13:00:00,24.3,19.1
2026-07-19 14:00:00,25.4,20.2
2026-07-19 15:00:00,24.9,19.6
2026-07-19 16:00:00,25.3,19.6
2026-07-19 17:00:00,24.6,19.0
2026-07-19 18:00:00,24.0,17.8
2026-07-19 19:00:00,22.9,16.8
2026-07-19 20:00:00,21.4,16.1
2026-07-19 21:00:00,20.8,15.8
2026-07-19 22:00:00,20.1,15.5
2026-07-19 23:00:00,18.0,15.2
2026-07-20 00:00:00,16.0,15.4
2026-07-20 01:00:00,14.8,15.1
2026-07-20 02:00:00,13.6,15.2
2026-07-20 03:00:00,12.9,14.5
2026-07-20 04:00:00,12.3,14.7
2026-07-20 05:00:00,12.5,15.1
2026-07-20 06:00:00,15.0,15.5
2026-07-20 07:00:00,16.8,16.5
2026-07-20 08:00:00,17.9,17.4
2026-07-20 09:00:00,19.3,18.8
2026-07-20 10:00:00,20.8,18.6
2026-07-20 11:00:00,21.9,19.9
2026-07-20 12:00:00,23.2,20.0
2026-07-20 13:00:00,23.6,20.2
2026-07-20 14:00:00,24.4,20.7
2026-07-20 15:00:00,24.9,21.0
2026-07-20 16:00:00,25.1,20.6
2026-07-20 17:00:00,25.1,20.6
2026-07-20 18:00:00,24.5,18.9
2026-07-20 19:00:00,23.2,17.9
2026-07-20 20:00:00,20.3,16.5
2026-07-20 21:00:00,20.0,15.4
2026-07-20 22:00:00,18.3,13.3
2026-07-20 23:00:00,17.3,11.0
2026-07-21 00:00:00,15.9,10.0
2026-07-21 01:00:00,13.9,9.2
2026-07-21 02:00:00,12.8,9.9
2026-07-21 03:00:00,12.8,10.6
2026-07-21 04:00:00,12.1,11.5
2026-07-21 05:00:00,11.7,12.5
2026-07-21 06:00:00,14.6,15.1
2026-07-21 07:00:00,16.1,17.1
2026-07-21 08:00:00,17.7,17.5
2026-07-21 09:00:00,18.8,18.7
2026-07-21 10:00:00,20.3,19.6
2026-07-21 11:00:00,21.5,20.5
2026-07-21 12:00:00,22.8,20.3
2026-07-21 13:00:00,23.3,20.6
2026-07-21 14:00:00,23.3,20.9
2026-07-21 15:00:00,23.1,20.8
2026-07-21 16:00:00,23.5,20.7
2026-07-21 17:00:00,23.3,19.7
2026-07-21 18:00:00,22.6,19.1
2026-07-21 19:00:00,21.4,17.5
2026-07-21 20:00:00,19.0,17.6
2026-07-21 21:00:00,19.1,16.4
2026-07-21 22:00:00,18.3,15.4
2026-07-21 23:00:00,15.4,16.2
2026-07-22 00:00:00,13.9,16.3
2026-07-22 01:00:00,12.7,15.6
2026-07-22 02:00:00,12.3,15.8
2026-07-22 03:00:00,11.8,15.5
2026-07-22 04:00:00,10.4,15.1
2026-07-22 05:00:00,10.6,14.7
2026-07-22 06:00:00,13.7,15.5
2026-07-22 07:00:00,17.0,16.4
2026-07-22 08:00:00,19.2,16.9
2026-07-22 09:00:00,21.0,17.4
2026-07-22 10:00:00,22.3,18.5
2026-07-22 11:00:00,23.6,17.8
2026-07-22 12:00:00,24.6,18.9
2026-07-22 13:00:00,25.4,19.4
2026-07-22 14:00:00,26.2,19.9
2026-07-22 15:00:00,26.6,18.7
2026-07-22 16:00:00,26.3,18.1
2026-07-22 17:00:00,26.0,17.9
2026-07-22 18:00:00,25.3,17.3
2026-07-22 19:00:00,22.7,17.0
2026-07-22 20:00:00,21.2,16.7
2026-07-22 21:00:00,18.7,16.7
2026-07-22 22:00:00,17.0,16.4
2026-07-22 23:00:00,15.7,16.2
2026-07-23 00:00:00,14.6,16.2
2026-07-23 01:00:00,16.6,15.6
2026-07-23 02:00:00,14.7,15.7
2026-07-23 03:00:00,13.5,14.9
2026-07-23 04:00:00,12.8,14.9
2026-07-23 05:00:00,13.2,15.6
2026-07-23 06:00:00,15.8,16.5
2026-07-23 07:00:00,17.6,17.4
2026-07-23 08:00:00,18.9,17.6
2026-07-23 09:00:00,19.4,18.6
2026-07-23 10:00:00,21.0,18.5
2026-07-23 11:00:00,22.5,19.3
2026-07-23 12:00:00,23.4,20.7
2026-07-23 13:00:00,24.9,20.0
2026-07-23 14:00:00,25.2,20.3
2026-07-23 15:00:00,25.5,19.7
2026-07-23 16:00:00,25.1,19.2
2026-07-23 17:00:00,24.8,19.2
2026-07-23 18:00:00,24.7,18.5
2026-07-23 19:00:00,23.6,18.0
2026-07-23 20:00:00,18.8,16.3
2026-07-23 21:00:00,18.9,14.6
2026-07-23 22:00:00,18.6,13.4
2026-07-23 23:00:00,17.5,15.4
2026-07-24 00:00:00,14.3,15.4
2026-07-24 01:00:00,12.5,14.9
2026-07-24 02:00:00,11.4,15.7
2026-07-24 03:00:00,10.9,15.5
2026-07-24 04:00:00,9.4,15.7
2026-07-24 05:00:00,10.2,16.4
2026-07-24 06:00:00,12.8,16.8
2026-07-24 07:00:00,16.7,17.3
2026-07-24 08:00:00,19.1,18.0
2026-07-24 09:00:00,20.9,19.4
2026-07-24 10:00:00,22.6,21.4
2026-07-24 11:00:00,23.6,19.8
2026-07-24 12:00:00,25.0,21.5
2026-07-24 13:00:00,26.3,21.5
2026-07-24 14:00:00,27.0,21.7
2026-07-24 15:00:00,27.7,22.4
2026-07-24 16:00:00,27.5,22.8
2026-07-24 17:00:00,26.7,23.2
2026-07-24 18:00:00,26.0,21.9
2026-07-24 19:00:00,24.1,21.0
2026-07-24 20:00:00,19.7,17.3
2026-07-24 21:00:00,16.9,15.1
2026-07-24 22:00:00,16.3,14.0
2026-07-24 23:00:00,14.4,13.4
2026-07-25 00:00:00,12.9,12.6
2026-07-25 01:00:00,11.9,12.3
2026-07-25 02:00:00,11.2,11.8
2026-07-25 03:00:00,11.0,12.3
2026-07-25 04:00:00,9.8,12.3
2026-07-25 05:00:00,10.1,14.7
2026-07-25 06:00:00,13.4,17.6
2026-07-25 07:00:00,17.0,20.3
2026-07-25 08:00:00,20.5,22.7
2026-07-25 09:00:00,23.9,23.6
2026-07-25 10:00:00,26.5,25.0
2026-07-25 11:00:00,28.1,24.0
2026-07-25 12:00:00,29.7,25.5
2026-07-25 13:00:00,29.8,26.3
2026-07-25 14:00:00,30.2,26.7
2026-07-25 15:00:00,29.2,25.4
2026-07-25 16:00:00,29.1,25.3
2026-07-25 17:00:00,28.1,24.4
2026-07-25 18:00:00,26.9,24.3
2026-07-25 19:00:00,25.5,22.8
2026-07-25 20:00:00,24.3,20.2
2026-07-25 21:00:00,23.7,19.6
2026-07-25 22:00:00,23.3,19.3
2026-07-25 23:00:00,22.4,19.4
2026-07-26 00:00:00,21.7,19.7
2026-07-26 01:00:00,22.2,19.3
2026-07-26 02:00:00,22.0,19.1
2026-07-26 03:00:00,19.4,18.9
2026-07-26 04:00:00,18.7,18.7
2026-07-26 05:00:00,18.8,18.6
2026-07-26 06:00:00,19.1,18.7
2026-07-26 07:00:00,19.3,19.6
2026-07-26 08:00:00,19.9,21.4
2026-07-26 09:00:00,20.8,20.9
2026-07-26 10:00:00,22.0,18.2
2026-07-26 11:00:00,22.9,19.2
2026-07-26 12:00:00,24.5,19.2
2026-07-26 13:00:00,25.5,18.8
2026-07-26 14:00:00,26.0,19.2
2026-07-26 15:00:00,26.1,17.9
2026-07-26 16:00:00,26.5,20.8
2026-07-26 17:00:00,26.1,21.3
2026-07-26 18:00:00,25.2,20.2
2026-07-26 19:00:00,24.1,19.6
2026-07-26 20:00:00,23.8,19.3
2026-07-26 21:00:00,23.7,18.7
2026-07-26 22:00:00,23.0,18.7
2026-07-26 23:00:00,22.2,18.2
2026-07-27 00:00:00,21.9,18.0
2026-07-27 01:00:00,21.5,18.1
2026-07-27 02:00:00,21.0,17.5
2026-07-27 03:00:00,21.1,17.1
2026-07-27 04:00:00,21.2,16.0
2026-07-27 05:00:00,21.1,17.1
2026-07-27 06:00:00,21.7,18.5
2026-07-27 07:00:00,22.1,18.2
2026-07-27 08:00:00,23.4,17.9
2026-07-27 09:00:00,23.8,20.0
2026-07-27 10:00:00,23.0,19.0
2026-07-27 11:00:00,24.1,18.1
2026-07-27 12:00:00,25.1,20.5
2026-07-27 13:00:00,26.5,20.4
2026-07-27 14:00:00,26.7,19.9
2026-07-27 15:00:00,27.0,20.1
2026-07-27 16:00:00,27.2,20.0
2026-07-27 17:00:00,26.8,20.5
2026-07-27 18:00:00,26.1,19.9
2026-07-27 19:00:00,24.3,18.7
2026-07-27 20:00:00,22.0,16.7
2026-07-27 21:00:00,19.4,14.6
2026-07-27 22:00:00,17.4,13.3
2026-07-27 23:00:00,15.7,12.4
2026-07-28 00:00:00,16.0,11.8
2026-07-28 01:00:00,15.6,11.5
2026-07-28 02:00:00,14.0,12.8
2026-07-28 03:00:00,13.7,13.6
2026-07-28 04:00:00,12.7,13.7
2026-07-28 05:00:00,13.4,14.8
2026-07-28 06:00:00,16.8,16.7
2026-07-28 07:00:00,19.7,19.4
2026-07-28 08:00:00,22.3,21.1
2026-07-28 09:00:00,24.0,22.7
2026-07-28 10:00:00,25.6,24.4
2026-07-28 11:00:00,27.0,25.5
2026-07-28 12:00:00,28.0,26.1
2026-07-28 13:00:00,29.3,27.1
2026-07-28 14:00:00,30.1,27.0
2026-07-28 15:00:00,31.0,27.6
2026-07-28 16:00:00,30.9,28.0
2026-07-28 17:00:00,30.7,27.6
2026-07-28 18:00:00,29.8,26.8
2026-07-28 19:00:00,27.3,25.4
2026-07-28 20:00:00,24.0,21.3
2026-07-28 21:00:00,22.3,19.7
2026-07-28 22:00:00,20.0,18.5
2026-07-28 23:00:00,19.7,17.5
2026-07-29 00:00:00,18.4,16.4
2026-07-29 01:00:00,17.8,16.1
2026-07-29 02:00:00,17.6,15.3
2026-07-29 03:00:00,16.7,14.8
2026-07-29 04:00:00,16.0,14.5
2026-07-29 05:00:00,15.7,15.9
2026-07-29 06:00:00,18.5,20.2
2026-07-29 07:00:00,21.6,22.3
2026-07-29 08:00:00,24.3,25.0
2026-07-29 09:00:00,27.8,27.5
2026-07-29 10:00:00,30.8,29.1
2026-07-29 11:00:00,32.6,30.2
2026-07-29 12:00:00,34.0,30.8
2026-07-29 13:00:00,34.9,31.8
2026-07-29 14:00:00,36.0,32.0
2026-07-29 15:00:00,36.4,31.9
2026-07-29 16:00:00,36.3,32.3
2026-07-29 17:00:00,35.4,32.4
2026-07-29 18:00:00,33.6,31.3
2026-07-29 19:00:00,30.4,27.1
2026-07-29 20:00:00,28.4,23.1
2026-07-29 21:00:00,25.2,20.7
2026-07-29 22:00:00,23.6,21.9
2026-07-29 23:00:00,22.0,19.6
2026-07-30 00:00:00,22.0,22.8
2026-07-30 01:00:00,21.0,21.5
2026-07-30 02:00:00,19.7,19.1
2026-07-30 03:00:00,18.4,16.9
2026-07-30 04:00:00,17.0,16.0
2026-07-30 05:00:00,17.7,21.2
2026-07-30 06:00:00,20.0,21.9
2026-07-30 07:00:00,24.0,23.2
2026-07-30 08:00:00,26.4,24.4
2026-07-30 09:00:00,29.2,25.8
2026-07-30 10:00:00,31.6,27.7
2026-07-30 11:00:00,33.3,27.4
2026-07-30 12:00:00,35.1,26.3
2026-07-30 13:00:00,36.8,25.3
2026-07-30 14:00:00,37.2,24.4
2026-07-30 15:00:00,36.7,23.7
2026-07-30 16:00:00,32.9,23.7
2026-07-30 17:00:00,30.8,24.4
2026-07-30 18:00:00,30.1,24.1
2026-07-30 19:00:00,28.3,22.9
2026-07-30 20:00:00,26.4,21.3
2026-07-30 21:00:00,23.1,19.4
2026-07-30 22:00:00,21.3,17.8
2026-07-30 23:00:00,20.1,17.0
2026-07-31 00:00:00,19.1,16.3
2026-07-31 01:00:00,18.5,15.7
2026-07-31 02:00:00,17.9,16.2
2026-07-31 03:00:00,17.6,17.7
2026-07-31 04:00:00,16.9,17.2
2026-07-31 05:00:00,18.1,18.0
2026-07-31 06:00:00,19.8,19.1
2026-07-31 07:00:00,22.8,20.3
2026-07-31 08:00:00,26.1,22.1
2026-07-31 09:00:00,28.7,23.2
2026-07-31 10:00:00,30.9,22.8
2026-07-31 11:00:00,32.0,22.1
2026-07-31 12:00:00,33.5,23.3
2026-07-31 13:00:00,33.8,24.2
2026-07-31 14:00:00,31.9,24.3
2026-07-31 15:00:00,30.4,23.3
2026-07-31 16:00:00,31.6,23.4
2026-07-31 17:00:00,29.5,22.7
2026-07-31 18:00:00,28.2,21.7
2026-07-31 19:00:00,26.4,20.4
2026-07-31 20:00:00,25.2,18.6
2026-07-31 21:00:00,24.9,17.5
2026-07-31 22:00:00,23.8,16.4
2026-07-31 23:00:00,22.0,14.4
2026-08-01 00:00:00,20.0,13.0
2026-08-01 01:00:00,19.4,11.7
2026-08-01 02:00:00,18.7,11.0
2026-08-01 03:00:00,18.6,10.7
2026-08-01 04:00:00,18.6,10.8
2026-08-01 05:00:00,18.8,11.5
2026-08-01 06:00:00,19.2,13.1
2026-08-01 07:00:00,19.9,15.4
2026-08-01 08:00:00,21.2,19.1
2026-08-01 09:00:00,22.5,20.7
2026-08-01 10:00:00,24.6,22.2
2026-08-01 11:00:00,26.5,22.7
2026-08-01 12:00:00,27.8,23.5
2026-08-01 13:00:00,27.8,22.8
2026-08-01 14:00:00,29.6,23.1
2026-08-01 15:00:00,29.9,22.3
2026-08-01 16:00:00,29.6,23.3
2026-08-01 17:00:00,28.4,23.2
2026-08-01 18:00:00,27.4,22.2
2026-08-01 19:00:00,26.2,20.6
2026-08-01 20:00:00,23.9,16.4
2026-08-01 21:00:00,23.1,14.2
2026-08-01 22:00:00,22.4,13.1
2026-08-01 23:00:00,21.0,12.5
2026-08-02 00:00:00,19.7,12.6
2026-08-02 01:00:00,19.5,14.5
2026-08-02 02:00:00,17.9,12.9
2026-08-02 03:00:00,17.5,11.4
2026-08-02 04:00:00,17.3,10.5
2026-08-02 05:00:00,16.9,11.9
2026-08-02 06:00:00,18.5,15.8
2026-08-02 07:00:00,20.0,18.3
2026-08-02 08:00:00,21.0,21.7
2026-08-02 09:00:00,22.5,23.3
2026-08-02 10:00:00,24.5,24.4
2026-08-02 11:00:00,26.0,25.1
2026-08-02 12:00:00,27.7,25.1
2026-08-02 13:00:00,28.7,25.3
2026-08-02 14:00:00,30.0,26.6
2026-08-02 15:00:00,30.8,26.9
2026-08-02 16:00:00,31.2,26.7
2026-08-02 17:00:00,31.1,26.4
2026-08-02 18:00:00,30.3,25.6
2026-08-02 19:00:00,28.9,23.9
2026-08-02 20:00:00,26.6,22.6
2026-08-02 21:00:00,23.9,21.9
2026-08-02 22:00:00,22.7,20.8
2026-08-02 23:00:00,20.8,20.2
2026-08-03 00:00:00,19.9,19.5
2026-08-03 01:00:00,19.3,18.7
2026-08-03 02:00:00,19.2,17.8
2026-08-03 03:00:00,18.6,17.6
2026-08-03 04:00:00,19.3,17.2
2026-08-03 05:00:00,19.2,17.3
2026-08-03 06:00:00,20.7,18.7
2026-08-03 07:00:00,23.1,21.0
2026-08-03 08:00:00,25.4,23.4
2026-08-03 09:00:00,28.0,26.2
2026-08-03 10:00:00,30.4,27.5
2026-08-03 11:00:00,32.4,28.4
2026-08-03 12:00:00,33.3,30.1
2026-08-03 13:00:00,34.8,31.0
2026-08-03 14:00:00,34.2,32.8
2026-08-03 15:00:00,34.8,32.4
2026-08-03 16:00:00,34.7,31.9
2026-08-03 17:00:00,34.4,29.4
2026-08-03 18:00:00,32.3,27.9
2026-08-03 19:00:00,29.9,25.9
2026-08-03 20:00:00,28.6,23.8
2026-08-03 21:00:00,26.6,23.3
2026-08-03 22:00:00,24.9,22.6
2026-08-03 23:00:00,24.8,22.9
2026-08-04 00:00:00,23.2,20.4
2026-08-04 01:00:00,22.5,19.8
2026-08-04 02:00:00,22.1,19.6
2026-08-04 03:00:00,21.2,19.3
2026-08-04 04:00:00,19.9,18.5
2026-08-04 05:00:00,20.2,18.2
2026-08-04 06:00:00,21.8,21.7
2026-08-04 07:00:00,24.4,23.7
2026-08-04 08:00:00,27.1,25.7
2026-08-04 09:00:00,28.6,27.4
2026-08-04 10:00:00,30.4,29.3
2026-08-04 11:00:00,32.5,30.1
2026-08-04 12:00:00,33.6,31.3
2026-08-04 13:00:00,34.9,32.2
2026-08-04 14:00:00,35.1,31.9
2026-08-04 15:00:00,35.7,31.7
2026-08-04 16:00:00,35.2,29.4
2026-08-04 17:00:00,32.2,28.1
2026-08-04 18:00:00,27.3,27.4
2026-08-04 19:00:00,25.5,26.5
2026-08-04 20:00:00,25.2,24.9
2026-08-04 21:00:00,24.1,23.8
2026-08-04 22:00:00,23.0,23.2
2026-08-04 23:00:00,21.9,22.6
2026-08-05 00:00:00,21.1,22.4
2026-08-05 01:00:00,20.3,22.1
2026-08-05 02:00:00,19.7,22.3
2026-08-05 03:00:00,20.3,21.6
2026-08-05 04:00:00,20.5,20.6
2026-08-05 05:00:00,21.1,21.1
2026-08-05 06:00:00,21.7,21.9
2026-08-05 07:00:00,23.0,22.4
2026-08-05 08:00:00,24.8,22.9
2026-08-05 09:00:00,26.4,23.4
2026-08-05 10:00:00,27.6,23.8
2026-08-05 11:00:00,29.4,23.9
2026-08-05 12:00:00,31.0,25.1
2026-08-05 13:00:00,31.6,25.0
2026-08-05 14:00:00,31.9,25.9
2026-08-05 15:00:00,32.2,25.4
2026-08-05 16:00:00,32.4,25.2
2026-08-05 17:00:00,30.9,24.3
2026-08-05 18:00:00,30.2,23.4
2026-08-05 19:00:00,29.1,22.1
2026-08-05 20:00:00,27.1,21.0
2026-08-05 21:00:00,24.7,20.1
2026-08-05 22:00:00,24.6,19.6
2026-08-05 23:00:00,22.9,19.1
2026-08-06 00:00:00,22.7,18.4
2026-08-06 01:00:00,22.4,18.0
2026-08-06 02:00:00,22.0,16.6
2026-08-06 03:00:00,21.1,15.5
2026-08-06 04:00:00,19.8,15.1
2026-08-06 05:00:00,18.6,16.0
2026-08-06 06:00:00,21.0,16.9
2026-08-06 07:00:00,23.0,19.1
2026-08-06 08:00:00,24.5,19.5
2026-08-06 09:00:00,25.7,20.3
2026-08-06 10:00:00,27.6,21.3
2026-08-06 11:00:00,28.0,22.4
2026-08-06 12:00:00,29.0,22.0
2026-08-06 13:00:00,29.9,21.8
2026-08-06 14:00:00,29.0,20.9
2026-08-06 15:00:00,29.7,20.0
2026-08-06 16:00:00,29.3,20.1
2026-08-06 17:00:00,29.1,20.1
2026-08-06 18:00:00,28.7,19.1
2026-08-06 19:00:00,26.3,18.0
2026-08-06 20:00:00,25.9,16.6
2026-08-06 21:00:00,24.6,15.2
2026-08-06 22:00:00,23.1,12.8
2026-08-06 23:00:00,21.0,13.2
2026-08-07 00:00:00,21.6,15.3
2026-08-07 01:00:00,21.1,13.6
2026-08-07 02:00:00,18.2,13.4
2026-08-07 03:00:00,17.5,11.8
2026-08-07 04:00:00,16.5,12.1
2026-08-07 05:00:00,16.7,13.4
2026-08-07 06:00:00,19.7,15.2
2026-08-07 07:00:00,21.1,16.8
2026-08-07 08:00:00,22.7,18.3
2026-08-07 09:00:00,24.2,19.1
2026-08-07 10:00:00,25.4,18.8
2026-08-07 11:00:00,26.5,19.3
2026-08-07 12:00:00,27.9,20.6
2026-08-07 13:00:00,29.0,21.0
2026-08-07 14:00:00,29.1,22.0
2026-08-07 15:00:00,29.4,22.2
2026-08-07 16:00:00,29.3,21.9
2026-08-07 17:00:00,28.9,21.2
2026-08-07 18:00:00,27.5,20.5
2026-08-07 19:00:00,26.7,18.1
2026-08-07 20:00:00,25.6,13.5
2026-08-07 21:00:00,22.6,11.7
2026-08-07 22:00:00,21.3,10.5
2026-08-07 23:00:00,21.7,9.7
2026-08-08 00:00:00,19.6,9.1
2026-08-08 01:00:00,18.2,8.7
2026-08-08 02:00:00,17.0,8.2
2026-08-08 03:00:00,15.8,7.5
2026-08-08 04:00:00,15.0,7.0
2026-08-08 05:00:00,14.0,8.4
2026-08-08 06:00:00,17.7,13.3
2026-08-08 07:00:00,20.4,17.2
2026-08-08 08:00:00,22.0,19.9
2026-08-08 09:00:00,24.2,20.8
2026-08-08 10:00:00,26.1,22.7
2026-08-08 11:00:00,28.9,23.2
2026-08-08 12:00:00,29.7,24.1
2026-08-08 13:00:00,30.4,24.5
2026-08-08 14:00:00,31.8,24.9
2026-08-08 15:00:00,31.9,25.4
2026-08-08 16:00:00,31.7,24.9
2026-08-08 17:00:00,31.7,24.0
2026-08-08 18:00:00,30.8,23.2
2026-08-08 19:00:00,27.8,21.1
2026-08-08 20:00:00,24.3,19.6
2026-08-08 21:00:00,22.4,14.9
2026-08-08 22:00:00,20.6,13.6
2026-08-08 23:00:00,19.8,12.1
2026-08-09 00:00:00,19.1,11.5
2026-08-09 01:00:00,18.2,10.7
2026-08-09 02:00:00,17.8,10.7
2026-08-09 03:00:00,16.8,10.1
2026-08-09 04:00:00,16.0,9.9
2026-08-09 05:00:00,16.0,10.7
2026-08-09 06:00:00,18.2,15.8
2026-08-09 07:00:00,21.2,20.1
2026-08-09 08:00:00,24.3,23.5
2026-08-09 09:00:00,27.0,26.0
2026-08-09 10:00:00,28.7,27.3
2026-08-09 11:00:00,31.6,28.2
2026-08-09 12:00:00,33.3,28.7
2026-08-09 13:00:00,34.2,29.1
2026-08-09 14:00:00,33.1,29.5
2026-08-09 15:00:00,29.6,29.3
2026-08-09 16:00:00,29.0,28.3
2026-08-09 17:00:00,29.5,27.9
2026-08-09 18:00:00,28.8,27.1
2026-08-09 19:00:00,26.2,25.0
2026-08-09 20:00:00,24.7,23.0
2026-08-09 21:00:00,24.0,20.8
2026-08-09 22:00:00,23.0,21.5
2026-08-09 23:00:00,22.1,21.6
2026-08-10 00:00:00,21.2,20.8
2026-08-10 01:00:00,20.1,18.4
2026-08-10 02:00:00,19.6,15.6
2026-08-10 03:00:00,19.3,13.7
2026-08-10 04:00:00,18.5,13.2
2026-08-10 05:00:00,18.3,18.0
2026-08-10 06:00:00,19.8,19.2
2026-08-10 07:00:00,23.5,21.4
2026-08-10 08:00:00,26.1,22.2
2026-08-10 09:00:00,28.6,22.7
2026-08-10 10:00:00,29.2,23.7
2026-08-10 11:00:00,30.5,23.9
2026-08-10 12:00:00,30.2,23.4
2026-08-10 13:00:00,31.4,23.0
2026-08-10 14:00:00,33.0,22.6
2026-08-10 15:00:00,32.0,22.0
2026-08-10 16:00:00,31.8,21.8
2026-08-10 17:00:00,30.9,20.7
2026-08-10 18:00:00,29.9,19.7
2026-08-10 19:00:00,28.0,18.8
2026-08-10 20:00:00,26.8,17.3
2026-08-10 21:00:00,25.8,17.1
2026-08-10 22:00:00,24.2,16.1
2026-08-10 23:00:00,23.8,15.3
2026-08-11 00:00:00,22.3,12.3
2026-08-11 01:00:00,22.3,10.5
2026-08-11 02:00:00,21.3,9.6
2026-08-11 03:00:00,19.7,9.1
2026-08-11 04:00:00,17.6,8.3
2026-08-11 05:00:00,17.6,9.3
2026-08-11 06:00:00,19.9,13.3
2026-08-11 07:00:00,23.2,16.2
2026-08-11 08:00:00,24.6,17.4
2026-08-11 09:00:00,26.5,19.2
2026-08-11 10:00:00,28.2,19.5
2026-08-11 11:00:00,30.3,20.9
2026-08-11 12:00:00,31.0,21.7
2026-08-11 13:00:00,32.5,22.0
2026-08-11 14:00:00,32.8,22.7
2026-08-11 15:00:00,32.7,23.0
2026-08-11 16:00:00,32.9,22.8
2026-08-11 17:00:00,32.4,22.1
2026-08-11 18:00:00,31.2,20.9
2026-08-11 19:00:00,29.5,19.5
2026-08-11 20:00:00,27.8,17.8
2026-08-11 21:00:00,26.8,16.7
2026-08-11 22:00:00,24.0,15.9
2026-08-11 23:00:00,21.2,15.0
2026-08-12 00:00:00,21.5,14.3
2026-08-12 01:00:00,20.9,13.8
2026-08-12 02:00:00,18.3,13.1
2026-08-12 03:00:00,18.0,12.7
2026-08-12 04:00:00,17.5,11.8
2026-08-12 05:00:00,16.7,12.4
2026-08-12 06:00:00,19.6,14.4
2026-08-12 07:00:00,21.6,16.9
2026-08-12 08:00:00,23.3,19.4
2026-08-12 09:00:00,25.0,22.2
2026-08-12 10:00:00,26.9,23.7
2026-08-12 11:00:00,28.5,25.5
2026-08-12 12:00:00,30.8,26.9
2026-08-12 13:00:00,32.1,27.6
2026-08-12 14:00:00,33.2,29.0
2026-08-12 15:00:00,33.3,29.4
2026-08-12 16:00:00,33.3,29.7
2026-08-12 17:00:00,32.8,28.9
2026-08-12 18:00:00,31.4,27.1
2026-08-12 19:00:00,29.4,22.1
2026-08-12 20:00:00,27.9,17.9
2026-08-12 21:00:00,27.2,15.9
2026-08-12 22:00:00,25.0,16.9
2026-08-12 23:00:00,21.8,18.6
2026-08-13 00:00:00,20.4,18.0
2026-08-13 01:00:00,18.6,17.4
2026-08-13 02:00:00,16.9,13.6
2026-08-13 03:00:00,16.6,12.6
2026-08-13 04:00:00,14.9,11.9
2026-08-13 05:00:00,14.9,12.1
2026-08-13 06:00:00,19.1,18.8
2026-08-13 07:00:00,22.0,22.1
2026-08-13 08:00:00,24.0,24.4
2026-08-13 09:00:00,25.9,27.0
2026-08-13 10:00:00,28.7,29.8
2026-08-13 11:00:00,30.5,31.2
2026-08-13 12:00:00,31.7,31.6
2026-08-13 13:00:00,33.2,31.7
2026-08-13 14:00:00,33.8,32.6
2026-08-13 15:00:00,34.8,32.7
2026-08-13 16:00:00,34.8,32.6
2026-08-13 17:00:00,33.9,32.6
2026-08-13 18:00:00,32.6,31.3
2026-08-13 19:00:00,30.1,24.3
2026-08-13 20:00:00,27.9,19.6
2026-08-13 21:00:00,22.6,17.8
2026-08-13 22:00:00,21.7,16.5
2026-08-13 23:00:00,18.9,15.5
2026-08-14 00:00:00,18.8,15.2
2026-08-14 01:00:00,16.9,14.3
2026-08-14 02:00:00,15.9,13.7
2026-08-14 03:00:00,15.2,13.1
2026-08-14 04:00:00,14.8,12.6
2026-08-14 05:00:00,14.5,13.3
2026-08-14 06:00:00,16.8,18.8
2026-08-14 07:00:00,20.2,23.2
2026-08-14 08:00:00,23.4,27.3
2026-08-14 09:00:00,26.7,29.7
2026-08-14 10:00:00,29.5,31.4
2026-08-14 11:00:00,31.4,33.2
2026-08-14 12:00:00,33.6,33.8
2026-08-14 13:00:00,35.2,34.7
2026-08-14 14:00:00,35.6,35.0
2026-08-14 15:00:00,36.0,34.5
2026-08-14 16:00:00,36.1,34.4
2026-08-14 17:00:00,35.7,31.7
2026-08-14 18:00:00,33.9,30.0
2026-08-14 19:00:00,29.7,26.5
2026-08-14 20:00:00,27.7,23.9
2026-08-14 21:00:00,26.8,21.4
2026-08-14 22:00:00,27.0,20.8
2026-08-14 23:00:00,25.1,19.7
2026-08-15 00:00:00,22.6,18.9
2026-08-15 01:00:00,20.9,18.5
2026-08-15 02:00:00,20.0,19.5
2026-08-15 03:00:00,18.9,19.7
2026-08-15 04:00:00,18.4,19.2
2026-08-15 05:00:00,18.5,19.6
2026-08-15 06:00:00,20.7,20.3
2026-08-15 07:00:00,24.7,21.4
2026-08-15 08:00:00,26.6,20.5
2026-08-15 09:00:00,27.2,19.4
2026-08-15 10:00:00,30.1,19.6
2026-08-15 11:00:00,31.5,19.8
2026-08-15 12:00:00,33.4,20.3
2026-08-15 13:00:00,34.2,21.9
2026-08-15 14:00:00,34.8,22.5
2026-08-15 15:00:00,35.2,22.5
2026-08-15 16:00:00,35.1,21.9
2026-08-15 17:00:00,33.9,21.3
2026-08-15 18:00:00,30.6,20.7
2026-08-15 19:00:00,27.8,20.5
2026-08-15 20:00:00,26.4,19.7
2026-08-15 21:00:00,24.7,18.8
2026-08-15 22:00:00,23.6,18.4
2026-08-15 23:00:00,22.4,17.3
2026-08-16 00:00:00,20.4,17.2
2026-08-16 01:00:00,19.1,16.7
2026-08-16 02:00:00,18.4,15.9
2026-08-16 03:00:00,18.0,14.1
2026-08-16 04:00:00,17.8,14.9
2026-08-16 05:00:00,17.2,15.4
2026-08-16 06:00:00,19.1,16.5
2026-08-16 07:00:00,21.8,18.6
2026-08-16 08:00:00,24.7,20.2
2026-08-16 09:00:00,26.5,21.4
2026-08-16 10:00:00,29.0,21.6
2026-08-16 11:00:00,31.0,22.8
2026-08-16 12:00:00,30.7,22.8
2026-08-16 13:00:00,29.9,22.7
2026-08-16 14:00:00,28.0,22.2
2026-08-16 15:00:00,29.8,21.5
2026-08-16 16:00:00,29.9,21.9
2026-08-16 17:00:00,29.4,21.3
2026-08-16 18:00:00,27.7,20.5
2026-08-16 19:00:00,26.8,18.4
2026-08-16 20:00:00,25.7,14.9
2026-08-16 21:00:00,25.0,13.7
2026-08-16 22:00:00,23.9,13.2
2026-08-16 23:00:00,23.5,13.1
2026-08-17 00:00:00,22.4,12.8
2026-08-17 01:00:00,21.6,13.6
2026-08-17 02:00:00,21.2,14.0
2026-08-17 03:00:00,20.5,15.2
2026-08-17 04:00:00,19.4,15.0
2026-08-17 05:00:00,18.9,14.9
2026-08-17 06:00:00,19.4,14.6
2026-08-17 07:00:00,20.7,15.1
2026-08-17 08:00:00,21.6,16.9
2026-08-17 09:00:00,20.4,17.5
2026-08-17 10:00:00,19.2,17.6
2026-08-17 11:00:00,19.7,18.9
2026-08-17 12:00:00,19.8,18.4
2026-08-17 13:00:00,20.1,19.2
2026-08-17 14:00:00,20.8,18.9
2026-08-17 15:00:00,22.3,18.9
2026-08-17 16:00:00,23.2,19.8
2026-08-17 17:00:00,23.5,19.1
2026-08-17 18:00:00,21.9,18.5
2026-08-17 19:00:00,20.8,17.9
2026-08-17 20:00:00,19.8,17.2
2026-08-17 21:00:00,18.9,15.5
2026-08-17 22:00:00,18.9,14.8
2026-08-17 23:00:00,18.9,13.4
2026-08-18 00:00:00,18.8,13.7
2026-08-18 01:00:00,18.3,14.1
2026-08-18 02:00:00,18.6,14.7
2026-08-18 03:00:00,18.7,15.2
2026-08-18 04:00:00,18.9,15.3
2026-08-18 05:00:00,19.1,15.0
2026-08-18 06:00:00,19.7,15.1
2026-08-18 07:00:00,21.0,15.2
2026-08-18 08:00:00,21.7,16.0
2026-08-18 09:00:00,24.3,18.3
2026-08-18 10:00:00,25.8,18.7
2026-08-18 11:00:00,26.1,18.7
2026-08-18 12:00:00,27.1,19.8
2026-08-18 13:00:00,28.1,20.2
2026-08-18 14:00:00,29.3,19.5
2026-08-18 15:00:00,28.9,20.6
2026-08-18 16:00:00,28.4,21.0
2026-08-18 17:00:00,27.5,20.6
2026-08-18 18:00:00,26.8,19.9
2026-08-18 19:00:00,25.4,19.4
2026-08-18 20:00:00,24.0,18.5
2026-08-18 21:00:00,22.7,17.4
2026-08-18 22:00:00,22.4,16.8
2026-08-18 23:00:00,21.3,16.6
2026-08-19 00:00:00,22.2,16.7
2026-08-19 01:00:00,19.2,16.0
2026-08-19 02:00:00,18.7,15.8
2026-08-19 03:00:00,17.4,16.4
2026-08-19 04:00:00,17.1,16.4
2026-08-19 05:00:00,16.4,16.8
2026-08-19 06:00:00,18.1,17.4
2026-08-19 07:00:00,21.8,17.9
2026-08-19 08:00:00,23.8,18.6
2026-08-19 09:00:00,25.5,16.5
2026-08-19 10:00:00,26.8,17.5
2026-08-19 11:00:00,29.1,19.1
2026-08-19 12:00:00,30.5,19.5
2026-08-19 13:00:00,31.6,19.0
2026-08-19 14:00:00,32.8,18.4
2026-08-19 15:00:00,33.3,18.9
2026-08-19 16:00:00,33.5,18.5
2026-08-19 17:00:00,33.2,18.6
2026-08-19 18:00:00,31.7,18.1
2026-08-19 19:00:00,28.5,17.5
2026-08-19 20:00:00,25.7,16.7
2026-08-19 21:00:00,24.0,15.8
2026-08-19 22:00:00,23.2,15.4
2026-08-19 23:00:00,21.7,15.3
2026-08-20 00:00:00,22.7,15.7
2026-08-20 01:00:00,24.8,15.7
2026-08-20 02:00:00,23.7,15.4
2026-08-20 03:00:00,23.3,15.5
2026-08-20 04:00:00,21.2,15.8
2026-08-20 05:00:00,19.9,16.1
2026-08-20 06:00:00,21.9,16.6
2026-08-20 07:00:00,23.8,17.7
2026-08-20 08:00:00,24.1,19.0
2026-08-20 09:00:00,24.7,19.4
2026-08-20 10:00:00,25.7,20.0
2026-08-20 11:00:00,26.8,20.5
2026-08-20 12:00:00,27.5,19.1
2026-08-20 13:00:00,27.8,16.4
2026-08-20 14:00:00,28.1,19.0
2026-08-20 15:00:00,28.2,21.0
2026-08-20 16:00:00,27.8,20.7
2026-08-20 17:00:00,24.7,20.9
2026-08-20 18:00:00,23.8,20.3
2026-08-20 19:00:00,21.4,19.0
2026-08-20 20:00:00,20.4,16.2
2026-08-20 21:00:00,20.3,14.5
2026-08-20 22:00:00,19.2,14.8
2026-08-20 23:00:00,18.0,14.5
2026-08-21 00:00:00,17.8,13.8
2026-08-21 01:00:00,18.0,12.4
2026-08-21 02:00:00,17.7,13.5
2026-08-21 03:00:00,17.7,14.5
2026-08-21 04:00:00,17.5,14.0
2026-08-21 05:00:00,17.4,13.7
2026-08-21 06:00:00,17.9,15.0
2026-08-21 07:00:00,18.3,16.7
2026-08-21 08:00:00,18.2,16.5
2026-08-21 09:00:00,15.5,15.9
2026-08-21 10:00:00,14.9,17.0
2026-08-21 11:00:00,15.0,18.5
2026-08-21 12:00:00,15.7,19.7
2026-08-21 13:00:00,16.0,19.9
2026-08-21 14:00:00,16.2,16.3
2026-08-21 15:00:00,16.8,17.5
2026-08-21 16:00:00,17.7,19.1
2026-08-21 17:00:00,17.6,18.6
2026-08-21 18:00:00,17.0,17.8
2026-08-21 19:00:00,16.2,17.2
2026-08-21 20:00:00,15.6,15.9
2026-08-21 21:00:00,14.6,15.2
2026-08-21 22:00:00,13.9,14.0
2026-08-21 23:00:00,14.1,13.2
2026-08-22 00:00:00,13.5,13.3
2026-08-22 01:00:00,12.8,14.2
2026-08-22 02:00:00,12.6,14.0
2026-08-22 03:00:00,12.7,13.6
2026-08-22 04:00:00,11.7,12.1
2026-08-22 05:00:00,11.5,13.0
2026-08-22 06:00:00,12.7,14.7
2026-08-22 07:00:00,15.1,15.4
2026-08-22 08:00:00,15.8,16.4
2026-08-22 09:00:00,16.7,18.4
2026-08-22 10:00:00,17.7,16.9
2026-08-22 11:00:00,20.0,18.1
2026-08-22 12:00:00,21.1,18.9
2026-08-22 13:00:00,21.8,19.1
2026-08-22 14:00:00,22.2,19.4
2026-08-22 15:00:00,22.3,18.8
2026-08-22 16:00:00,22.5,18.9
2026-08-22 17:00:00,21.9,17.6
2026-08-22 18:00:00,20.3,16.7
2026-08-22 19:00:00,17.5,15.1
2026-08-22 20:00:00,16.8,13.2
2026-08-22 21:00:00,16.6,11.5
2026-08-22 22:00:00,15.4,10.9
2026-08-22 23:00:00,14.6,9.9
2026-08-23 00:00:00,13.4,9.3
2026-08-23 01:00:00,13.0,10.2
2026-08-23 02:00:00,11.7,10.1
2026-08-23 03:00:00,11.2,9.0
2026-08-23 04:00:00,11.0,9.6
2026-08-23 05:00:00,10.1,11.0
2026-08-23 06:00:00,11.7,12.5
2026-08-23 07:00:00,14.4,14.3
2026-08-23 08:00:00,16.3,16.7
2026-08-23 09:00:00,18.3,17.6
2026-08-23 10:00:00,20.1,18.5
2026-08-23 11:00:00,21.5,19.3
2026-08-23 12:00:00,22.7,19.7
2026-08-23 13:00:00,23.2,19.7
2026-08-23 14:00:00,23.9,20.2
2026-08-23 15:00:00,24.3,19.5
2026-08-23 16:00:00,24.1,18.3
2026-08-23 17:00:00,23.8,17.6
2026-08-23 18:00:00,22.9,17.2
2026-08-23 19:00:00,20.3,16.0
2026-08-23 20:00:00,18.8,15.4
2026-08-23 21:00:00,17.0,12.8
2026-08-23 22:00:00,15.6,10.8
2026-08-23 23:00:00,14.6,9.8
2026-08-24 00:00:00,14.1,9.1
2026-08-24 01:00:00,14.1,8.2
2026-08-24 02:00:00,12.6,7.8
2026-08-24 03:00:00,12.7,7.5
2026-08-24 04:00:00,12.2,6.9
2026-08-24 05:00:00,11.6,6.9
2026-08-24 06:00:00,13.5,10.4
2026-08-24 07:00:00,15.9,14.5
2026-08-24 08:00:00,17.6,17.0
2026-08-24 09:00:00,19.5,18.2
2026-08-24 10:00:00,20.7,18.9
2026-08-24 11:00:00,22.5,19.5
2026-08-24 12:00:00,24.8,20.3
2026-08-24 13:00:00,24.5,20.8
2026-08-24 14:00:00,24.9,21.1
2026-08-24 15:00:00,24.7,21.5
2026-08-24 16:00:00,25.2,21.0
2026-08-24 17:00:00,25.3,20.7
2026-08-24 18:00:00,23.8,19.4
2026-08-24 19:00:00,21.9,17.8
2026-08-24 20:00:00,21.2,16.4
2026-08-24 21:00:00,20.7,16.2
2026-08-24 22:00:00,19.0,15.5
2026-08-24 23:00:00,17.9,14.6
2026-08-25 00:00:00,17.1,13.7
2026-08-25 01:00:00,16.5,13.0
2026-08-25 02:00:00,15.8,12.2
2026-08-25 03:00:00,15.9,11.8
2026-08-25 04:00:00,16.9,11.4
2026-08-25 05:00:00,15.6,10.8
2026-08-25 06:00:00,15.3,12.6
2026-08-25 07:00:00,15.7,15.3
2026-08-25 08:00:00,16.7,17.4
2026-08-25 09:00:00,18.0,18.8
2026-08-25 10:00:00,19.0,21.0
2026-08-25 11:00:00,19.6,22.4
2026-08-25 12:00:00,20.7,23.8
2026-08-25 13:00:00,22.4,24.0
2026-08-25 14:00:00,23.4,24.4
2026-08-25 15:00:00,23.7,23.5
2026-08-25 16:00:00,23.5,23.2
2026-08-25 17:00:00,23.5,23.4
2026-08-25 18:00:00,21.8,22.6
2026-08-25 19:00:00,19.8,20.1
2026-08-25 20:00:00,18.8,18.6
2026-08-25 21:00:00,18.0,16.3
2026-08-25 22:00:00,17.9,14.3
2026-08-25 23:00:00,17.5,12.8
2026-08-26 00:00:00,17.1,12.1
2026-08-26 01:00:00,16.5,11.7
2026-08-26 02:00:00,16.3,11.0
2026-08-26 03:00:00,15.7,10.7
2026-08-26 04:00:00,16.3,10.4
2026-08-26 05:00:00,16.7,11.4
2026-08-26 06:00:00,16.8,15.7
2026-08-26 07:00:00,17.3,18.4
2026-08-26 08:00:00,18.4,18.7
2026-08-26 09:00:00,20.5,21.0
2026-08-26 10:00:00,23.4,21.5
2026-08-26 11:00:00,25.1,22.8
2026-08-26 12:00:00,26.2,24.2
2026-08-26 13:00:00,27.8,24.5
2026-08-26 14:00:00,27.8,24.8
2026-08-26 15:00:00,28.5,25.1
2026-08-26 16:00:00,28.3,24.8
2026-08-26 17:00:00,27.9,24.2
2026-08-26 18:00:00,26.7,22.9
2026-08-26 19:00:00,24.7,21.4
2026-08-26 20:00:00,22.0,20.1
2026-08-26 21:00:00,20.2,19.2
2026-08-26 22:00:00,19.1,18.2
2026-08-26 23:00:00,17.7,17.5
2026-08-27 00:00:00,17.0,17.0
2026-08-27 01:00:00,16.4,16.7
2026-08-27 02:00:00,15.8,16.3
2026-08-27 03:00:00,16.2,15.8
2026-08-27 04:00:00,16.3,15.7
2026-08-27 05:00:00,17.1,15.7
2026-08-27 06:00:00,17.8,17.0
2026-08-27 07:00:00,19.2,18.2
2026-08-27 08:00:00,21.0,20.0
2026-08-27 09:00:00,23.8,21.1
2026-08-27 10:00:00,25.8,23.4
2026-08-27 11:00:00,28.0,25.9
2026-08-27 12:00:00,30.3,25.1
2026-08-27 13:00:00,31.2,25.7
2026-08-27 14:00:00,31.0,26.9
2026-08-27 15:00:00,31.0,28.2
2026-08-27 16:00:00,30.7,28.2
2026-08-27 17:00:00,30.0,27.8
2026-08-27 18:00:00,29.0,26.7
2026-08-27 19:00:00,25.5,22.5
2026-08-27 20:00:00,23.0,22.0
2026-08-27 21:00:00,22.4,20.9
2026-08-27 22:00:00,21.8,20.4
2026-08-27 23:00:00,19.9,19.5
2026-08-28 00:00:00,19.3,19.0
2026-08-28 01:00:00,18.7,18.8
2026-08-28 02:00:00,19.2,19.2
2026-08-28 03:00:00,18.9,18.7
2026-08-28 04:00:00,18.8,18.3
2026-08-28 05:00:00,19.4,18.2
2026-08-28 06:00:00,20.5,18.3
2026-08-28 07:00:00,22.6,18.9
2026-08-28 08:00:00,22.9,19.3
2026-08-28 09:00:00,18.7,19.8
2026-08-28 10:00:00,20.2,20.0
2026-08-28 11:00:00,20.3,19.9
2026-08-28 12:00:00,20.3,20.4
2026-08-28 13:00:00,19.5,19.8
2026-08-28 14:00:00,20.3,15.8
2026-08-28 15:00:00,20.2,16.6
2026-08-28 16:00:00,18.9,16.6
2026-08-28 17:00:00,18.0,17.3
2026-08-28 18:00:00,17.5,17.0
2026-08-28 19:00:00,17.4,16.5
2026-08-28 20:00:00,17.1,16.6
2026-08-28 21:00:00,16.8,16.8
2026-08-28 22:00:00,16.1,17.4
2026-08-28 23:00:00,15.0,17.2
2026-08-29 00:00:00,14.8,16.7
2026-08-29 01:00:00,13.9,16.8
2026-08-29 02:00:00,13.5,16.5
2026-08-29 03:00:00,13.4,16.8
2026-08-29 04:00:00,12.7,16.3
2026-08-29 05:00:00,12.3,16.1
2026-08-29 06:00:00,14.1,16.9
2026-08-29 07:00:00,16.3,17.7
2026-08-29 08:00:00,18.2,19.1
2026-08-29 09:00:00,19.9,20.7
2026-08-29 10:00:00,21.3,21.5
2026-08-29 11:00:00,22.3,21.5
2026-08-29 12:00:00,23.6,21.7
2026-08-29 13:00:00,24.0,21.0
2026-08-29 14:00:00,24.6,19.2
2026-08-29 15:00:00,24.4,19.1
2026-08-29 16:00:00,23.9,19.6
2026-08-29 17:00:00,23.6,19.1
2026-08-29 18:00:00,22.3,17.9
2026-08-29 19:00:00,19.3,18.4
2026-08-29 20:00:00,18.3,18.4
2026-08-29 21:00:00,18.2,18.6
2026-08-29 22:00:00,18.5,18.9
2026-08-29 23:00:00,17.5,18.8
2026-08-30 00:00:00,17.5,18.8
2026-08-30 01:00:00,18.1,18.9
2026-08-30 02:00:00,17.6,18.9
2026-08-30 03:00:00,17.6,18.4
2026-08-30 04:00:00,17.5,18.0
2026-08-30 05:00:00,16.4,17.7
2026-08-30 06:00:00,16.7,17.4
2026-08-30 07:00:00,19.4,17.5
2026-08-30 08:00:00,21.4,17.6
2026-08-30 09:00:00,23.0,18.3
2026-08-30 10:00:00,23.9,18.2
2026-08-30 11:00:00,24.8,18.0
2026-08-30 12:00:00,26.1,19.0
2026-08-30 13:00:00,26.4,20.0
2026-08-30 14:00:00,27.4,20.2
2026-08-30 15:00:00,27.6,21.2
2026-08-30 16:00:00,27.2,21.4
2026-08-30 17:00:00,26.7,20.4
2026-08-30 18:00:00,24.7,19.8
2026-08-30 19:00:00,22.8,18.5
2026-08-30 20:00:00,21.3,18.1
2026-08-30 21:00:00,20.1,18.3
2026-08-30 22:00:00,19.5,18.3
2026-08-30 23:00:00,18.4,17.3
2026-08-31 00:00:00,18.6,17.5
2026-08-31 01:00:00,17.8,
2026-08-31 02:00:00,17.6,
2026-08-31 03:00:00,16.3,
2026-08-31 04:00:00,15.9,
2026-08-31 05:00:00,16.6,
2026-08-31 06:00:00,16.6,
2026-08-31 07:00:00,17.2,
2026-08-31 08:00:00,17.7,
2026-08-31 09:00:00,19.7,
2026-08-31 10:00:00,21.1,
2026-08-31 11:00:00,22.2,
2026-08-31 12:00:00,23.2,
2026-08-31 13:00:00,23.7,
2026-08-31 14:00:00,24.6,
2026-08-31 15:00:00,25.0,
2026-08-31 16:00:00,24.8,
2026-08-31 17:00:00,23.5,
2026-08-31 18:00:00,21.6,
2026-08-31 19:00:00,20.2,
2026-08-31 20:00:00,17.3,
2026-08-31 21:00:00,15.6,
2026-08-31 22:00:00,16.1,
2026-08-31 23:00:00,14.7,
